{
    "backgroundColor": [
        0.09338521957397461,
        0.09338521957397461,
        0.09338521957397461,
        1.0
    ],
    "cameraPosition": [
        0.0,
        0.0,
        5.0
    ],
    "cameraRotation": [
        -0.7500000596046448,
        1.7100005149841309
    ],
    "gradStep": 0.019999999552965164,
    "light_color": [
        1.0,
        0.699999988079071,
        0.699999988079071
    ],
    "light_pos1": [
        20.0,
        20.0,
        20.0
    ],
    "light_pos2": [
        -20.0,
        -20.0,
        -30.0
    ],
    "resolution": [
        800,
        600
    ],
    "shininess": 16.0,
    "targetColor": [
        0.7159533500671387,
        0.2674378454685211,
        0.2674378454685211
    ]
}