{
    "backgroundColor": [
        0.08949416875839233,
        0.08949416875839233,
        0.08949416875839233,
        1.0
    ],
    "cameraPosition": [
        0.0,
        0.0,
        5.0
    ],
    "cameraRotation": [
        -0.7399995923042297,
        0.33499985933303833
    ],
    "gradStep": 0.019999999552965164,
    "light_color": [
        1.0,
        0.699999988079071,
        0.699999988079071
    ],
    "light_pos1": [
        20.0,
        20.0,
        20.0
    ],
    "light_pos2": [
        -20.0,
        -20.0,
        -30.0
    ],
    "resolution": [
        800,
        600
    ],
    "shininess": 16.0,
    "targetColor": [
        0.36964982748031616,
        0.15246258676052094,
        0.15246258676052094
    ]
}