{
    "backgroundColor": [
        0.0,
        0.0,
        0.0,
        1.0
    ],
    "cameraPosition": [
        0.0,
        0.0,
        7.5
    ],
    "cameraRotation": [
        -0.7250010967254639,
        1.8300530910491943
    ],
    "gradStep": 0.019999999552965164,
    "light_color": [
        0.6614786386489868,
        0.6614786386489868,
        0.6614786386489868
    ],
    "light_pos1": [
        20.0,
        20.0,
        20.0
    ],
    "light_pos2": [
        -15.788999557495117,
        49.4739990234375,
        -82.63200378417969
    ],
    "resolution": [
        1082,
        822
    ],
    "shininess": 16.0,
    "targetColor": [
        0.21794451773166656,
        0.1737043708562851,
        0.5797665119171143
    ]
}