{
    "backgroundColor": [
        1.0,
        1.0,
        1.0,
        0.0
    ],
    "cameraPosition": [
        0.0,
        0.0,
        5.5
    ],
    "cameraRotation": [
        -0.5549994707107544,
        -1.3799753189086914
    ],
    "gradStep": 0.019999999552965164,
    "light_color": [
        1.0,
        0.699999988079071,
        0.699999988079071
    ],
    "light_pos1": [
        20.0,
        20.0,
        20.0
    ],
    "light_pos2": [
        -20.0,
        -20.0,
        -30.0
    ],
    "resolution": [
        862,
        691
    ],
    "shininess": 16.0,
    "targetColor": [
        0.20000000298023224,
        0.10196078568696976,
        0.6745098233222961
    ]
}