{
    "backgroundColor": [
        0.30000001192092896,
        0.30000001192092896,
        0.30000001192092896
    ],
    "cameraPosition": [
        0.0,
        0.0,
        5.0
    ],
    "cameraRotation": [
        0.0,
        0.0
    ],
    "gradStep": 0.019999999552965164,
    "light_color1": [
        1.0,
        0.699999988079071,
        0.699999988079071
    ],
    "light_color2": [
        0.5,
        0.699999988079071,
        1.0
    ],
    "light_pos1": [
        20.0,
        20.0,
        20.0
    ],
    "light_pos2": [
        -20.0,
        -20.0,
        -30.0
    ],
    "resolution": [
        800.0,
        600.0
    ],
    "shininess": 16.0,
    "targetColor": [
        0.20000000298023224,
        0.10000000149011612,
        0.10000000149011612
    ]
}